<?xml version="1.0"?>
<CardList>
<cards>
	<card>
	  <name>Ostatnia_szansa</name>
	  <path>CoreGame/CardGFX/</path>
	  <rarity>2</rarity>
	  <cost>8</cost>
	  <effects>
		<effect>
		  <name>Ostatnia szansa</name>
		  <level>0</level>
		  <value>0</value>
		  <duration>0</duration>
		  <tags>
		  </tags>
		</effect>
	  </effects>
	  <tags>
		  <tag>
			  <name>NoRandom</name>
			  <value>0</value>
		  </tag>
	  </tags>
	</card>
	<card>
	  <name>Czerwona_Maska</name>
	  <path>CoreGame/CardGFX/</path>
	  <rarity>3</rarity>
	  <cost>10</cost>
	  <effects>
		<effect>
		  <name>CzerwonaMaska</name>
		  <level>0</level>
		  <value>0</value>
		  <duration>0</duration>
		  <tags>
		  </tags>
		</effect>
	  </effects>
	  <tags>
		  <tag>
			  <name>NoRandom</name>
			  <value>0</value>
		  </tag>
	  </tags>
	</card>
	<card>
	  <name>orkDamage</name>
	  <path>CoreGame/CardGFX/</path>
	  <rarity>0</rarity>
	  <cost>3</cost>
	  <effects>
		<effect>
		  <name>damage</name>
		  <level>0</level>
		  <value>10</value>
		  <duration>0</duration>
		  <tags>
		  </tags>
		</effect>
	  </effects>
	  <tags>
		<tag>
			  <name>NoRandom</name>
			  <value>0</value>
		  </tag>
	  </tags>
	</card>
		<card>
	  <name>dwarfDamage</name>
	  <path>CoreGame/CardGFX/</path>
	  <rarity>0</rarity>
	  <cost>3</cost>
	  <effects>
		<effect>
		  <name>damage</name>
		  <level>0</level>
		  <value>5</value>
		  <duration>0</duration>
		  <tags>
		  </tags>
		</effect>
	  </effects>
	  <tags>
		<tag>
			  <name>NoRandom</name>
			  <value>0</value>
		  </tag>
	  </tags>
	</card>
		<card>
	  <name>FinalBossCardTest</name>
	  <path>CoreGame/CardGFX/</path>
	  <rarity>3</rarity>
	  <cost>0</cost>
	  <effects>
		<effect>
		  <name>damage</name>
		  <level>0</level>
		  <value>15</value>
		  <duration>0</duration>
		  <tags>
		  </tags>
		</effect>
	  </effects>
	  <tags>
		<tag>
		  <name>NoRandom</name>
		  <value>0</value>
		</tag>
	  </tags>
	</card>
		<card>
	  <name>Shockwave</name>
	  <path>CoreGame/CardGFX/</path>
	  <rarity>1</rarity>
	  <cost>3</cost>
	  <effects>
		<effect>
		  <name>damage</name>
		  <level>0</level>
		  <value>40</value>
		  <duration>0</duration>
		  <tags>
		  </tags>
		</effect>
	  </effects>
	  <tags>
	  </tags>
	</card>
			<card>
	  <name>RunicShield</name>
	  <path>CoreGame/CardGFX/</path>
	  <rarity>1</rarity>
	  <cost>3</cost>
	  <effects>
		<effect>
		  <name>shield</name>
		  <level>0</level>
		  <value>15</value>
		  <duration>0</duration>
		  <tags>
		  </tags>
		</effect>
	  </effects>
	  <tags>
		<tag>
		  <name>self</name>
		  <value>1</value>
		</tag>
	  </tags>
	</card>
	<card>
	  <name>SimpleSlash</name>
	  <path>CoreGame/CardGFX/</path>
	  <rarity>0</rarity>
	  <cost>2</cost>
	  <effects>
		<effect>
		  <name>damage</name>
		  <level>0</level>
		  <value>12</value>
		  <duration>0</duration>
		  <tags>
		  </tags>
		</effect>
	  </effects>
	  <tags>
	  </tags>
	</card>
</cards>
</CardList>